<?xml version="1.0" encoding="UTF-8"?>
<extension type="module" client="administrator" method="upgrade">
	<name>mod_intercode</name>
	<author>Intercode</author>
	<creationDate>2025-04-11</creationDate>
	<copyright>(C) 2025 Intercode</copyright>
	<license>GNU General Public License version 2 or later; see LICENSE.txt</license>
	<authorEmail>contato@intercode.com.br</authorEmail>
	<authorUrl>https://intercode.com.br</authorUrl>
	<version>1.0.0</version>
	<description>MOD_INTERCODE_XML_DESCRIPTION</description>
	<namespace path="src">Joomla\Module\Intercode</namespace>
	<files>
		<folder module="mod_intercode">services</folder>
		<folder>src</folder>
		<folder>tmpl</folder>
	</files>
	<languages>
	<language tag="pt-BR">language/pt-BR/mod_intercode.ini</language>
	<language tag="pt-BR">language/pt-BR/mod_intercode.sys.ini</language>

		<language tag="en-GB">language/en-GB/mod_intercode.ini</language>
		<language tag="en-GB">language/en-GB/mod_intercode.sys.ini</language>
	</languages>
	<media destination="mod_intercode" folder="media">
		<folder>images</folder>
		<folder>css</folder>
		<folder>js</folder>
	</media>
	<help key="Site_Modules:_Intercode" />
	<config>
		<fields name="params" addfieldprefix="Joomla\Component\Content\Administrator\Field">
			<fieldset name="basic">
				<field name="greeting" type="text" label="MOD_INTERCODE_GREETING_LABEL" description="MOD_INTERCODE_GREETING_DESC" default="Intercode, World!" />
			</fieldset>

			<fieldset name="advanced">
				<field name="layout" type="modulelayout" label="JFIELD_ALT_LAYOUT_LABEL" class="form-select" validate="moduleLayout" />

				<field name="moduleclass_sfx" type="textarea" label="COM_MODULES_FIELD_MODULECLASS_SFX_LABEL" rows="3" validate="CssIdentifier" />

				<field name="cache" type="list" label="COM_MODULES_FIELD_CACHING_LABEL" default="1" filter="integer" validate="options">
					<option value="1">JGLOBAL_USE_GLOBAL</option>
					<option value="0">COM_MODULES_FIELD_VALUE_NOCACHING</option>
				</field>

				<field name="cache_time" type="number" label="COM_MODULES_FIELD_CACHE_TIME_LABEL" default="900" filter="integer" />

				<field name="cachemode" type="hidden" default="static">
					<option value="static"></option>
				</field>
			</fieldset>
		</fields>
	</config>
</extension>
